85,Orbadiah,Coulter,55,Genderfluid
42,Giffy,Niven,72,Male
29,Brew,Frunks,85,Male
62,Eugene,Akester,8,Male
69,Phylis,Menauteau,85,Female
89,Arlana,Rumsey,35,Female
72,Pollyanna,Staunton,5,Female
70,Dexter,Egginton,51,Male
66,Sansone,Camps,78,Male
1,Patricia,Bawle,75,Female
69,Bill,Nyland,80,Female
89,Milena,Muston,6,Female
83,Biron,Augur,61,Male
36,Genni,Tchir,63,Female
78,Amii,Labrone,14,Female
79,Kent,Ribeiro,68,Male
59,Ignazio,Cornelissen,14,Male
66,Arnold,Gullen,88,Male
3,Elmira,Dunniom,18,Bigender
47,Korrie,Wyles,33,Female
81,Fabien,Danilowicz,83,Male
70,Saudra,Wroath,74,Female
23,Franklyn,Brideoke,52,Male
12,Cassandry,Roggeman,13,Female
97,Goddart,Shills,19,Male
28,Chalmers,Goldin,18,Genderfluid
21,Pippo,Sharratt,90,Male
47,Lurleen,Ruddiforth,93,Female
96,Cloris,Sones,53,Female
93,Bartram,Hankard,91,Male
17,Emylee,Dineges,73,Female
89,Allie,Becke,10,Male
26,Corabel,Aldins,59,Female
34,Terrill,Temperton,27,Genderqueer
7,Genia,Mollin,41,Female
26,Waring,Grinval,5,Agender
59,Grantley,Merfin,79,Male
74,Mauricio,Mozzetti,37,Male
66,Ddene,Espinola,39,Female
67,Renato,Jobson,66,Male
76,Cobb,Harkess,17,Male
100,Darlleen,Gaddes,58,Female
84,Taite,Marfe,75,Male
94,Sandi,Krikorian,10,Female
26,Stillmann,Newlands,82,Male
98,Vonni,Baxill,99,Female
17,Torie,Benny,73,Female
92,Quentin,Baulch,43,Male
64,Ophelie,Tutill,35,Female
70,Sibel,Ondrich,69,Female
47,Maiga,Tyreman,65,Female
40,Marcelo,Tummasutti,58,Male
98,Troy,Wenham,84,Male
80,Keith,Clutheram,18,Male
20,Conn,Wyatt,6,Male
80,Vergil,Pentony,78,Male
9,Talya,Messer,7,Female
79,Guss,Worrell,46,Male
47,Farleigh,Hutten,83,Male
65,Denna,Stothert,6,Female
93,Genvieve,Mathie,12,Agender
47,Wilbert,Miroy,45,Male
57,Quintus,Holsey,48,Male
43,Chantalle,Kelshaw,68,Female
2,Querida,Dalgleish,64,Female
62,Krista,McGaugey,34,Genderqueer
52,Jo-anne,Heal,74,Female
54,Duncan,Andreu,19,Non-binary
47,Abner,Croce,49,Male
51,Celie,Arno,100,Female
84,Ellsworth,McDiarmid,98,Male
8,Robbyn,Mallaby,8,Female
3,Daphne,Hall,23,Female
45,Auria,Dureden,29,Female
16,Timmy,Inch,69,Male
89,Sibelle,Alten,84,Female
83,Flem,Gee,93,Male
70,Leontine,Di Ruggero,38,Female
81,Kinsley,Smoughton,73,Male
69,Alisander,Pawelczyk,27,Male
89,Mendie,Gunner,1,Male
35,Tybalt,Reade,94,Male
33,Munmro,Carlaw,65,Male
99,Corrie,Kennady,26,Female
46,Karena,Waplington,42,Female
46,Lydie,MacMarcuis,30,Female
49,Aurelea,Lasseter,25,Female
36,Tyler,Ravillas,18,Male
40,Geraldine,Hubbocks,94,Female
71,Augustin,Topham,24,Male
47,Ericha,Naptin,43,Female
47,Dominique,Haggath,2,Male
21,Julietta,Beaglehole,5,Female
41,Lynelle,De Giorgio,2,Female
15,Barret,Fairbanks,69,Male
62,Dore,Bronger,48,Male
58,Mechelle,Dosdell,40,Female
72,Benni,Brassill,61,Female
59,Reina,Hutcheson,14,Female
34,Madonna,Saladino,57,Female
5,Druci,Besque,96,Female
96,Hyatt,Toderi,36,Male
62,Carling,Weatherdon,30,Male
11,Charil,Credland,86,Female
89,Weider,Welberry,64,Male
57,Janessa,Fallen,31,Female
38,Lexie,Limpertz,9,Female
41,Kessiah,Klimes,13,Female
90,Englebert,Broadbury,66,Male
8,Mycah,Pennicott,22,Male
72,Martie,Redler,18,Male
69,Quint,Sterrick,32,Male
73,Durward,Broggio,3,Male
40,Ben,Bonnor,56,Male
31,Benedetta,Stimpson,74,Polygender
59,Marsha,Andri,50,Female
89,Ly,Luckings,5,Male
62,Smitty,Witcher,55,Male
62,Dinny,Krojn,19,Female
98,Steffen,Standeven,42,Male
19,Herman,Janouch,70,Genderfluid
87,Lorry,Whinney,85,Female
1,Eula,Schachter,5,Female
91,Helyn,Bransom,99,Female
72,Fields,Erwin,49,Male
89,Kendall,Halliday,60,Male
60,Butch,Bartosch,92,Male
98,Donavon,Ticic,89,Male
25,Pascal,Forrestill,25,Male
72,Amargo,Larkworthy,6,Female
4,Iormina,Airdrie,58,Female
100,Amalita,Grishelyov,36,Female
16,Dorene,Asee,91,Female
81,Ailbert,Beynkn,54,Male
88,Tarra,Sirmon,81,Female
97,Obidiah,Baskerville,45,Male
41,Gil,Jones,46,Male
72,Rosette,Doubleday,98,Female
7,Carey,Rathjen,98,Female
100,Ree,Hacket,68,Female
70,Karlen,Pocknoll,88,Female
41,Chelsy,Randlesome,4,Female
56,Lauryn,Moger,10,Female
10,Gasparo,Loveman,60,Male
40,Darnell,Taffurelli,54,Non-binary
47,Suzette,Tolussi,88,Female
80,Noemi,Trevains,80,Female
9,Bellanca,Jennrich,58,Female
72,Alan,Haye,26,Male
8,Joshuah,Beccero,67,Agender
31,Cal,Braxton,77,Male
28,Bathsheba,Mourge,76,Non-binary
63,Kass,Benfield,46,Female
17,Fons,Jardein,31,Male
46,Corenda,Gilhool,29,Female
77,Husain,Samsin,28,Male
6,Lyn,Whitecross,6,Male
35,Cherianne,Godley,69,Female
73,Mallorie,Oris,55,Female
46,Eldridge,Aspland,40,Bigender
52,Court,Evreux,34,Male
46,Corny,De la Eglise,67,Male
51,Hayes,Paolicchi,37,Male
100,Markus,Yakushkev,11,Male
10,Nicolas,Legate,91,Male
8,Griffy,Chaston,80,Male
94,Letisha,Suffield,93,Female
7,Pall,Gilhooly,54,Male
29,Dulcea,Catterell,62,Female
66,Reggi,Simcoe,83,Female
99,Jonas,Skipp,60,Male
9,Alameda,O'Boyle,80,Female
11,Nobie,Greg,76,Male
54,Karissa,Estcot,98,Female
20,Nessa,Cammiemile,87,Female
38,Deeanne,Kliche,73,Female
64,Johnath,Nevet,32,Female
68,Davina,Moth,34,Female
100,Rolland,Konke,82,Male
99,Pavla,Itzkov,40,Female
82,Shalna,Bradly,81,Female
37,Eziechiele,Caizley,98,Male
16,Glyn,Fores,88,Male
4,Allen,Thaim,72,Male
92,Jeno,Burchett,42,Bigender
11,Ricky,Atheis,83,Male
61,Bordy,Vickery,72,Male
58,Ferguson,Roebottom,30,Male
47,Corette,Tym,17,Female
9,Myrtle,Jorissen,72,Female
79,Janot,Lukash,86,Female
63,Zebulen,Howsin,21,Male
12,Sloane,Lum,71,Male
17,Norah,Sellers,4,Female
96,Betteanne,Syversen,76,Female
21,Dawn,Leward,88,Female
95,Millie,Harwick,4,Female
20,Nancy,Cornfoot,7,Female
35,Catlin,Gownge,39,Female
77,Gawen,Gridon,81,Bigender
35,Irvin,Wallbrook,42,Male
59,Carlyle,Parslow,43,Male
55,Alanna,Littleproud,89,Female
45,Stanislaus,Thunderman,88,Male
52,Leonora,Kilbee,73,Female
96,Bette,McQuode,100,Female
63,Jordan,Bonwick,87,Female
80,Sophi,Espinoza,95,Female
13,Pietro,Logsdail,28,Male
58,Meggi,Beecraft,8,Female
19,Zedekiah,Rosettini,30,Male
76,Osmund,Stanway,99,Non-binary
37,Gussy,Gamil,100,Female
19,Matty,Peltz,54,Male
53,Kevin,Tremmil,83,Male
41,Jeremie,Frogley,53,Male
100,Doll,Khomishin,88,Non-binary
83,Alfred,Tayt,32,Male
38,Bettine,Bosche,77,Bigender
92,Pearla,Espasa,5,Genderqueer
74,Lynn,Mundford,51,Female
18,Alberto,Lukasen,17,Male
7,Calhoun,Ingamells,57,Male
19,Joshua,Meddick,85,Male
70,Ben,Leiden,93,Male
14,Bradney,Garnson,40,Male
42,Barbara,Matyashev,6,Female
41,Sawyer,Bennitt,56,Male
60,Marleah,Roux,25,Female
27,Marco,Rabson,46,Male
36,Mikey,Moodycliffe,18,Male
19,Stanislaus,Feron,84,Male
7,Beale,Lys,34,Agender
26,Shandy,Matusiak,59,Genderfluid
96,Cassandra,Bartosch,67,Female
4,Larissa,Grimmer,14,Genderqueer
3,Boris,Ivanovic,42,Male
42,Matelda,Havis,40,Female
21,Connie,O' Scallan,2,Male
68,Barnard,Juares,81,Male
19,Sigvard,Lias,3,Non-binary
12,Sascha,Bewlie,64,Male
68,Remington,Pallaske,26,Male
10,Thor,McCluin,57,Male
48,Faber,Larrett,23,Male
99,Dunstan,Millis,44,Male
14,Merell,Mockett,32,Male
26,Sophronia,Attow,46,Female
7,Fayre,Tiron,45,Female
74,Iorgos,Ingrey,53,Male
91,Jessalin,Pherps,79,Female
38,Nadya,Jeves,98,Female
38,Erena,Bodiam,78,Female
71,Sydney,Abel,28,Male
13,Hugibert,Vanyukhin,94,Male
35,Everard,Dunsmuir,16,Male
99,Gloria,Kitteringham,22,Female
90,Eal,McCrae,34,Male
41,Leesa,Bransden,13,Female
53,Barnard,Ceaplen,83,Male
30,Granville,McReedy,31,Male
3,Windham,Chislett,21,Male
64,Dalli,Hildred,15,Male
67,Leontyne,McKerley,72,Female
12,Holly,Berryann,60,Female
61,Benedetto,Skates,100,Male
43,Denys,Fountaine,7,Female
70,Tallia,Greensall,56,Female
3,Guthrie,Harmston,78,Male
63,Malory,MacGilmartin,31,Female
32,Stephanus,O'Meara,16,Male
87,Gideon,Crombleholme,6,Bigender
63,Lona,Petrie,22,Female
16,Mateo,Worster,75,Male
1,Say,Micheau,15,Male
8,Valene,Vannet,63,Female
83,Ansley,Paskell,35,Female
56,Caron,Epton,25,Female
99,Celesta,Roderick,28,Female
99,Julie,Seefeldt,3,Female
24,Tanny,Bateup,99,Male
94,Bent,Shortcliffe,84,Male
93,Bette-ann,Jewell,97,Female
66,Roseanna,Helstrom,35,Female
34,Glendon,Snel,55,Male
17,Duky,Damiata,68,Non-binary
29,Rudolfo,Dorrington,6,Male
4,Calypso,Santello,18,Female
8,Jessamyn,Urwin,60,Female
19,Tailor,Cornils,60,Male
44,Roobbie,Corless,24,Female
68,Joy,Cowthard,10,Female
97,Audrye,Willingale,70,Female
82,Daron,Sugge,34,Polygender
14,Wesley,Jakeman,62,Male
98,Nero,Becerro,82,Male
71,Myles,Ballintime,16,Male
44,Vanya,Cathro,57,Male
13,Leigh,Crannage,29,Female
52,Elihu,Prewer,65,Bigender
81,Albrecht,Loalday,86,Male
69,Rafi,Jewis,22,Male
69,Ynes,Spinola,89,Agender
29,Ricardo,Izacenko,69,Male
68,Misty,Besson,37,Female
28,Tobiah,Beavan,21,Male
91,Nathalie,Gunbie,53,Female
84,Troy,Bamborough,93,Male
83,Pansie,Wilkennson,87,Female
88,Joli,Phibb,23,Female
95,Teodoor,Graveson,32,Male
5,Nikos,Ciementini,75,Male
95,Waylan,Jope,90,Male
80,Aleda,Chastang,25,Female
21,Vanni,Dexter,59,Female
39,Conchita,Letcher,3,Female
56,Barrie,Tithecott,60,Female
13,Brantley,Cello,34,Male
65,Herold,Warlaw,22,Male
30,Adda,Masser,37,Female
16,Ainslee,O'Heaney,41,Polygender
2,Dahlia,Buckthorp,60,Female
10,Millisent,MacLaverty,1,Genderfluid
80,Gabbie,Gajewski,21,Female
74,Lemmie,Fenby,50,Male
27,Mara,Jennions,40,Female
55,Spencer,Caldwall,89,Male
41,Charlotta,Niemetz,27,Genderfluid
36,Torry,Tidbald,72,Agender
88,Vince,Barnhart,34,Male
21,Glyn,Peers,60,Male
37,Jere,Barrar,65,Male
12,Lori,Bernardeau,39,Female
16,Faydra,Giovannelli,67,Genderfluid
14,Nanice,Brearton,55,Female
99,Miranda,Bielby,30,Female
10,Ericha,Kembley,100,Female
30,Jacklyn,Yanson,37,Female
59,Curt,Hanna,53,Male
87,Kirby,Dorrell,54,Female
53,Richy,Alty,15,Male
65,Sigismondo,Breckon,50,Male
52,Mead,Mullins,47,Male
28,Xaviera,Cargill,98,Female
66,Tobe,Pook,27,Male
94,Gerhardt,Lemmer,66,Male
29,Odell,Marcome,44,Male
92,Sharai,Handlin,90,Female
91,Michail,Sawer,66,Male
11,Moshe,Nuttall,35,Male
45,Fitz,Arntzen,76,Male
46,Whitney,Burker,94,Male
75,Letizia,Syms,100,Female
61,Marjy,Brisley,75,Female
89,Farris,Simmell,55,Male
95,Abagail,Nossent,48,Female
54,Devlen,Meany,80,Male
36,Shae,Gentric,61,Male
16,Danya,Gullyes,65,Female
20,Stan,Hewlings,7,Male
76,Abagail,Brockington,95,Female
78,Anny,Audibert,67,Female
94,Stanwood,Nolan,27,Male
60,Stavro,Preto,28,Male
69,Rey,Kensy,94,Female
62,Issie,Frantzen,47,Female
16,Rosamond,Corking,1,Female
31,Gonzales,De Vaan,32,Male
91,Debra,Collick,9,Female
73,Ernst,Kelson,9,Male
78,Bliss,Lorenc,57,Genderqueer
96,Lotte,Halfhyde,48,Polygender
87,Bud,Boyfield,5,Male
69,Maddy,MacChaell,41,Male
63,Cheston,Bagnell,65,Male
87,Catherina,Kenna,22,Female
71,Tracey,Fadian,51,Female
75,Urbanus,Eadington,99,Male
72,Rae,Wagon,15,Female
95,Ardene,Cumberlidge,52,Female
46,Howie,Scotson,47,Male
54,Berny,Hearmon,70,Male
60,Didi,Drakard,98,Female
2,Aldrich,Gann,7,Male
1,Marni,Devonald,56,Female
100,Erie,Ellerby,59,Male
32,Orion,Cushworth,82,Male
61,Gage,Melding,70,Male
32,Florri,Beane,30,Genderqueer
34,Carlyn,Storton,14,Female
55,Hinda,Bugler,42,Female
41,Giovanna,Bayford,57,Female
67,Broddy,Pullar,77,Male
1,Lian,Stainton - Skinn,29,Genderqueer
14,Dominic,Aitken,4,Male
54,Catherine,Mc Queen,22,Female
55,Jackqueline,Colrein,16,Female
45,Sherm,Masterson,82,Male
79,Annora,de Castelain,13,Female
97,Reese,Pittel,59,Male
43,Stanley,Horsted,90,Male
99,Thomasin,Coleford,4,Female
46,Vite,Mazdon,38,Male
28,Paddy,Stockle,13,Male
63,Kary,Eversfield,51,Female
53,Thomasine,Valintine,93,Female
4,Amaleta,Elms,11,Female
55,Terri,Tupper,36,Female
74,Jeromy,O'Kinneally,46,Male
21,Aleece,Migheli,71,Female
68,Calv,Fanthome,70,Male
51,Sella,MacKartan,12,Female
3,Juliet,Tring,48,Female
79,Godfry,Hasely,5,Genderqueer
20,Estell,Seers,73,Female
6,Jillene,Kitchingman,95,Female
39,Casey,Malitrott,2,Male
32,Alysia,Crichmere,56,Female
5,Yvor,Bytheway,53,Male
59,Avigdor,Liquorish,71,Male
13,Quincey,Coathup,1,Male
23,Padriac,Polkinhorn,34,Male
43,Vernor,Burroughes,13,Male
97,Lars,Cleve,46,Male
37,Betty,Blasing,9,Female
26,Christabel,Vany,47,Female
26,Gerhardine,McCard,91,Female
75,Brig,Stag,25,Male
28,Irvine,Carrell,32,Male
54,Juli,Marley,23,Female
34,Cami,Ternott,47,Female
22,Artie,Gainor,68,Male
98,Jessy,Guillain,74,Female
11,Padraig,Moorerud,63,Non-binary
12,Marcie,Jancik,21,Female
22,Blakelee,Mildner,78,Female
35,Bentley,Voice,29,Male
68,Dianemarie,Scoyne,10,Female
34,Gavrielle,Rabson,41,Female
100,Howey,Bythway,83,Male
66,Kaspar,Shawcroft,64,Male
57,Peterus,Bodycomb,86,Bigender
2,Lizbeth,McDougle,95,Female
16,Gavrielle,Duprey,53,Female
24,Giustina,Graddell,7,Genderfluid
62,Tiena,Barday,58,Female
52,Horst,Wisson,20,Male
37,Clarita,Korbmaker,63,Female
79,Kalvin,Kinchington,90,Male
95,Bancroft,Twinborne,72,Male
16,Sayers,Leachman,51,Male
12,Maurine,Gallifont,77,Female
4,Jerrie,Klaffs,73,Male
88,Denise,Flarity,76,Polygender
28,Tristam,Southerell,45,Male
68,Danita,Cory,35,Female
90,Cordey,Grzelczak,52,Female
13,Jozef,Duddin,83,Male
28,Sibylle,Barnhill,6,Female
91,Sheelagh,Viveash,22,Agender
38,Teriann,Hadkins,30,Female
91,Lewie,Atthow,49,Male
83,Husein,Dahill,56,Bigender
20,Dolores,Ower,35,Female
13,Helaine,Mahood,85,Female
41,Chaddie,Presnail,91,Male
41,Cecil,Peabody,59,Female
69,Adi,Iacobassi,3,Female
59,Lindsay,Finlow,20,Male
88,Merrili,Mushawe,27,Female
5,Cal,Arnold,44,Male
97,Pincas,Kirk,32,Male
97,Rasla,Klinck,92,Genderfluid
87,Cameron,Merriman,73,Male
47,Olwen,Lints,46,Female
74,Shara,Morrowe,86,Female
68,Seumas,Jorio,62,Male
66,Lemar,Ratcliff,93,Male
18,Billie,Cudbertson,29,Female
83,Donal,Rollitt,86,Male
71,Robin,Goligher,3,Genderqueer
68,Brady,Hague,81,Male
75,Ddene,Saladino,33,Female
25,Allix,Duquesnay,19,Female
68,Thaddus,Sigars,31,Male
8,Sheelah,Rallin,3,Female
2,Ewart,Bengle,83,Male
24,Edmon,Braywood,58,Male
43,Claus,Ashley,64,Male
41,Joeann,Shambroke,21,Female
49,Paulie,Haitlie,15,Male
71,Kerrill,Letts,71,Female
77,Amabel,Cruikshank,28,Female
60,Jennilee,Glanz,2,Female
23,Lorin,Siley,81,Bigender
90,Cassy,Jeffryes,13,Female
10,Loleta,Ellwell,82,Female
29,Rosalia,Poure,21,Female
84,Vic,Chatelet,52,Male
77,Traci,Knoton,69,Female
60,Emilia,Malone,91,Female
52,Milo,Drakeford,32,Male
83,Vassily,Leyden,95,Male
67,Enrique,Stillwell,72,Male
81,Jolynn,Scrammage,71,Female
74,Levey,Mallabon,88,Male
28,Alexis,Prigg,96,Female
77,Rafael,Deer,46,Male
54,Padraig,Benoist,88,Male
60,Sammie,Sotheby,63,Male
42,Ardelis,Kobes,90,Female
24,Wayne,Laurance,47,Male
64,Kitty,Gavaran,45,Non-binary
78,Dominick,Horsewood,41,Male
63,Nico,Savins,63,Male
12,Claiborne,Aisbett,69,Male
36,Nikita,Rapkins,82,Male
49,Kali,Coggins,28,Female
76,Roley,Casellas,36,Male
57,Ignacio,Sheahan,9,Male
81,Ken,Priddle,46,Male
99,Rory,Hazeldean,80,Male
79,Annabel,Redgewell,54,Female
21,See,Airds,34,Male
51,Saxe,Tzar,57,Male
37,Hanny,Oldcote,68,Female
62,Emmerich,Farlow,94,Male
54,Marianne,Davydenko,75,Female
48,Abbe,Kuhnhardt,82,Male
10,Noelani,Dobbie,15,Female
11,Alethea,Golbourn,7,Female
32,Mendie,Tourne,68,Male
75,Fredrick,De Simoni,3,Male
41,Lindsey,Breache,76,Genderqueer
44,Carmella,Prudence,77,Female
61,Audrey,Gerold,82,Female
51,Nikki,Copsey,9,Male
15,Brannon,Postians,62,Non-binary
23,Fidelio,Downing,7,Male
22,Catarina,Krysztowczyk,30,Female
95,Ciel,Nicholson,34,Female
53,Ralph,Waskett,81,Male
42,Kristofer,Hetterich,63,Male
20,Mikol,O' Neligan,76,Polygender
43,Iago,Gligoraci,77,Male
59,Patty,Buie,70,Female
47,Genovera,Wainscoat,96,Female
16,Shep,Ruzicka,27,Male
88,Godfree,Manifould,55,Male
59,Herta,Sharply,91,Female
96,Korrie,O'Dunniom,95,Female
83,Kym,Eldredge,43,Female
13,Sibyl,Tonge,80,Female
11,Normy,Bucktrout,18,Male
22,Darlene,Ausello,40,Female
27,Correy,Stailey,25,Female
8,Goran,Watmore,15,Male
72,Austin,Scrauniage,51,Female
76,Clerkclaude,Siman,19,Male
61,Verene,Cess,12,Female
21,Jada,Parsonson,88,Female
88,Francis,Ghidoli,10,Male
75,Sidonnie,Orteaux,90,Female
31,Hollyanne,Blackaby,32,Female
69,Cori,Kamall,21,Female
83,Berri,Tuff,62,Female
51,Tannie,Barenskie,49,Male
10,Buddie,Wimp,21,Polygender
7,Randie,Kamall,3,Male
43,Norma,MacTrusty,84,Female
56,Alf,Norvill,56,Male
50,Emelita,McKeller,51,Genderfluid
100,Arnaldo,Donne,47,Male
96,Rance,O'Donegan,11,Male
83,Seamus,Warrell,45,Male
53,Rudolfo,Gibling,65,Male
98,Anna-maria,Sokale,44,Female
81,Quent,Burnyeat,87,Male
45,Nerissa,Probat,17,Female
39,Alleen,Klimsch,15,Female
70,Rowen,Creer,9,Male
9,Rockey,De Brett,84,Non-binary
90,Viva,Lummasana,22,Female
69,Sebastian,Cusack,13,Male
26,Morgan,Heintz,50,Male
29,Jaclyn,Klulicek,13,Female
56,Murial,Lightfoot,73,Female
33,Clemente,Bouzan,33,Male
63,Carlie,McNea,66,Male
5,Jorie,Punt,15,Female
37,Daveta,Splaven,16,Female
76,Northrup,Poynter,28,Male
90,Judas,Mouan,25,Non-binary
80,Gibbie,Blunsum,50,Male
66,Giusto,Crownshaw,59,Male
70,Bernadene,Keady,69,Female
11,Barbra,O'Donovan,19,Female
99,Berna,Woolston,99,Female
36,Lucina,Quiddinton,78,Female
54,Burlie,Benardeau,32,Male
71,Pepillo,Hetterich,75,Male
100,Dalenna,Scardifield,89,Female
33,Donnamarie,Brigden,39,Female
2,Jordana,Chinnock,90,Female
48,Ciro,Cockell,96,Male
31,Torie,Trowbridge,35,Female
25,Elene,Wyldbore,55,Female
13,Fredra,Maidlow,15,Female
90,Granville,Olligan,24,Male
17,Addie,Franzotto,91,Bigender
54,Bernelle,Rouchy,32,Female
40,Christabel,Alfwy,48,Female
29,Kynthia,Bortolutti,90,Female
89,Terence,Furst,16,Male
20,Oralie,Jeayes,85,Female
21,Cosetta,Templar,37,Female
46,Sophi,Oldrey,47,Female
59,Sheff,Boor,26,Male
48,Lanita,MacAleese,92,Female
13,Clerissa,Files,89,Female
27,Giulia,Blayney,76,Female
8,Veronique,Ree,46,Bigender
76,Valentijn,Lunbech,17,Male
2,Feliks,Maydway,72,Male
48,Susanne,Pohlke,27,Female
77,Gaby,Lubeck,41,Male
19,Camila,Hallihan,42,Female
34,Callida,Hymers,58,Female
28,Yoshi,Housden,27,Genderqueer
21,Madison,Ferrick,64,Male
25,Lyon,Simson,87,Male
17,Erasmus,Durgan,5,Male
59,Meghan,Ox,70,Female
20,Trstram,Morit,45,Male
23,Sauncho,Haville,70,Male
74,Zackariah,Monkeman,68,Male
59,Lind,Caldera,67,Male
70,Lucy,Scrivinor,80,Female
45,Shelbi,Grossman,55,Female
48,Adrian,McGuiney,48,Female
67,Lemuel,Boxe,42,Male
32,Clementius,Nelthorp,80,Agender
71,Nickolai,Pregel,18,Male
49,Patrice,Jiruca,43,Male
48,Stillman,Nutbrown,26,Male
41,Tate,Skitral,3,Female
10,Annora,Crack,28,Female
27,Vitoria,Marti,55,Female
72,Husain,Balducci,94,Male
97,Serena,Kitchingman,84,Female
56,Riva,Crees,9,Female
37,Johnny,Pozzi,48,Male
43,Sidonia,McElree,53,Female
43,Manfred,Ambrosini,21,Male
89,Sile,Tellett,34,Genderqueer
75,Cecil,Warsap,78,Male
24,Brena,Hyndson,53,Female
95,Fergus,Dunguy,47,Male
98,Margarita,Poyzer,59,Female
9,Genevra,Rusted,98,Female
98,Frazer,Farge,13,Male
90,Catlaina,Blasio,41,Female
74,Borden,Kinneally,68,Male
45,Gusty,Rulf,78,Female
4,Perren,Jimmes,45,Male
23,Max,Camm,29,Male
9,Mufinella,McIlharga,55,Female
7,Flory,Scherer,52,Female
43,Annecorinne,Suggitt,60,Female
86,Mirabelle,Stanyard,31,Bigender
50,Corenda,Ledner,2,Female
87,Haywood,Vannar,64,Male
5,Tades,Ardron,59,Male
89,Kary,Metzke,11,Female
31,Forrest,Mebius,33,Male
17,Jorry,Verbruggen,14,Female
31,Barnaby,Armitage,43,Male
23,Martie,Larderot,99,Female
17,Debora,Finnemore,10,Polygender
89,Pet,Nisen,75,Female
56,Cordie,Melsom,15,Female
33,Datha,Kollas,69,Female
19,Gunar,O'Carran,61,Male
89,Wyatan,Dumphries,87,Male
77,Jamima,Adamec,16,Female
86,Finley,Pulford,66,Male
60,Emmerich,Helwig,22,Male
71,Ricki,Rosenfrucht,15,Male
35,Claudio,D'Ambrosi,51,Male
72,Sunshine,Codman,78,Female
84,Calley,Pipe,93,Polygender
28,Werner,Jiranek,75,Male
41,Earvin,Sinnocke,45,Male
30,Duffy,Zima,6,Male
93,Cherry,Noods,63,Female
88,Nonah,Hallgath,9,Female
45,Tobias,Cowthard,44,Male
36,Arte,Sockell,15,Male
4,Cindee,McSkin,67,Female
28,Dot,Sloane,50,Female
60,Jarvis,Batman,63,Male
97,Christie,Truckett,78,Female
54,Edythe,Lifsey,67,Female
49,Nikki,Vlies,81,Female
97,Natal,Peers,69,Male
21,Leif,Farries,48,Male
4,Teodoro,Sammonds,30,Male
13,Hendrika,Collingwood,90,Female
80,Cleopatra,De Ambrosi,55,Female
6,Gran,Wrout,69,Male
72,Damon,Dawidowsky,65,Male
21,Estell,Zealander,75,Female
68,Gideon,Ida,65,Male
66,Evy,Wennington,35,Female
81,Eddie,Suddock,4,Male
23,Ernie,Sibbet,91,Male
79,Jo,Hendrix,99,Male
68,Chelsey,Weathey,28,Female
60,Palmer,Pigdon,22,Male
3,Levi,Frankema,66,Male
93,Sheeree,Giovani,35,Female
76,Lars,Eburah,37,Male
39,Adore,Elstub,56,Female
92,Clio,Gatland,26,Female
47,Bing,Huge,57,Male
11,Bear,Kidman,3,Male
91,Marlie,Sherbrooke,37,Female
35,Mirella,Tremblett,88,Non-binary
17,Selina,Allum,11,Female
25,Zsazsa,Hrinishin,49,Female
22,Smith,Savary,20,Male
57,Jereme,Castanaga,20,Male
42,Armstrong,Cardillo,9,Polygender
89,Harbert,Lozano,18,Male
31,North,Boor,84,Male
57,Tiebold,Douthwaite,17,Male
96,Brianne,Ghelarducci,90,Female
35,Bryan,Parken,90,Non-binary
72,Hyacintha,Scudders,19,Agender
17,Wallace,Joules,67,Male
82,Christian,Filson,29,Male
35,Hank,Felipe,4,Male
100,Cosetta,Widdop,4,Female
89,Robby,Balden,83,Male
91,Hermann,Diver,61,Male
36,Alison,Strand,30,Female
29,Hymie,Kinzel,90,Male
73,Sisile,Rickersey,92,Female
46,Abie,Dumbellow,23,Male
51,Haley,Snalom,59,Male
71,Prissie,McKeever,61,Agender
27,Gracie,Astley,55,Female
45,Carter,Speers,79,Male
99,Adolpho,Rabley,76,Male
85,Milena,Frensche,14,Female
5,Fanya,Vlies,68,Female
15,Davina,Lundon,88,Female
28,Marj,Simison,35,Female
36,Hollie,Scullard,2,Female
11,Elliott,Truin,91,Male
65,Casey,Rendell,100,Female
27,Melisandra,Harkness,76,Female
99,Kennie,Grinyakin,81,Male
58,Daryn,Greengrass,32,Polygender
46,Ronalda,Briereton,51,Female
13,Johanna,Orgen,33,Female
42,Evangelin,Skoate,7,Female
44,Berry,Fice,9,Agender
22,Tova,Sloan,14,Female
34,Cole,Treherne,34,Male
93,Brand,Branscombe,15,Polygender
71,Bailey,Rosenthaler,82,Male
19,Sven,Salisbury,72,Male
91,Pascale,Schimonek,53,Male
66,Trina,Jager,77,Non-binary
75,Gothart,Forrestill,84,Male
86,Fania,Wilden,79,Female
31,Liza,Duchan,85,Female
15,Willabella,Spuner,33,Female
7,Gardiner,Blaxlande,80,Male
60,Alyse,Perfect,12,Female
32,Jess,Pittendreigh,80,Male
56,Fidela,McCready,27,Genderfluid
14,Gui,Ladell,8,Female
24,Wynn,Fallon,66,Male
20,Norean,Waye,19,Bigender
64,Madelina,McLinden,80,Non-binary
65,Colin,Emblin,21,Male
26,Raffarty,Sapshed,34,Genderfluid
12,Sarina,Bonicelli,36,Female
6,Casi,Marley,49,Female
32,Liane,Goodger,97,Female
99,Petunia,Ince,30,Female
35,Garald,Sissot,56,Male
82,Dougie,Thurley,6,Male
42,Helena,Scrowby,94,Female
91,Fayre,Maiden,80,Female
57,Cornelle,Downs,23,Genderfluid
23,Netta,Fendlen,17,Female
12,Gavin,Carine,76,Male
8,Alexina,Andino,9,Female
79,Jeanna,Ziemens,56,Female
100,Enid,Lantuff,61,Genderfluid
27,Booth,Clandillon,100,Male
45,Hewet,Pyson,72,Polygender
3,Annmaria,Hinrich,54,Female
57,Arleen,Tarpey,18,Female
99,Eve,Crossgrove,18,Female
55,Haleigh,Bricknell,15,Agender
53,Logan,Matzkaitis,18,Agender
6,Lynda,Absalom,65,Female
68,Kort,Breckwell,29,Male
72,Hailey,Nehls,69,Male
67,Muhammad,Pomeroy,24,Male
67,Heida,Kinchin,39,Female
90,Danyelle,Saffrin,55,Female
80,Cloris,Gurery,12,Female
24,Ethelred,Kolakovic,46,Male
18,Aube,Attock,74,Male
88,Raffarty,Hulance,33,Male
4,Starlene,Pedrick,42,Female
22,Katrinka,Larcombe,23,Female
29,Theresita,Nowakowska,51,Female
17,Tabatha,Gladwin,52,Female
77,Karoly,Pitkins,6,Female
77,Witty,Burgin,15,Male
23,Herc,Dumbare,78,Male
92,Aline,Obbard,30,Female
78,Ruthann,Giacopello,78,Female
83,Rance,Pitney,100,Male
83,Kristal,Wicks,18,Female
9,Elenore,Esposita,56,Female
85,Todd,Trenholm,48,Polygender
22,Ofella,Bereford,35,Female
62,Sallie,Fielding,25,Female
11,Sigismundo,Lepere,82,Male
85,Neall,Ascrofte,51,Male
93,Vivyanne,Willshee,34,Genderfluid
17,Werner,Tourner,78,Male
67,Sherie,McKirdy,11,Female
33,Pip,Glawsop,65,Male
15,Murdoch,Beetham,82,Male
55,Sauncho,Suggate,41,Male
58,Perl,Moehle,50,Female
82,Charline,Bretherton,21,Female
2,Rhonda,Maffin,34,Female
85,Jenda,Keeves,27,Female
70,Dorolice,Phette,39,Female
100,Yorke,Glewe,81,Male
27,Nap,Titt,42,Male
46,Ximenes,Saladine,85,Male
54,Honor,Meconi,23,Female
41,Quentin,Greenaway,81,Male
66,Skip,Cowing,82,Male
42,Roderich,Jorin,64,Male
83,Lazarus,Purkis,54,Male
11,Cherry,Knappe,21,Female
43,Merline,Fintoph,22,Female
77,Ermin,Attride,64,Male
68,Odie,Paulisch,32,Polygender
29,Luci,Cullerne,8,Female
91,Riobard,Benfell,3,Male
22,Free,Turpie,3,Male
81,Janeva,Klampt,48,Female
28,Martita,Eilhart,33,Female
18,Nanon,Hasser,97,Female
76,Byran,Budibent,51,Male
42,Hasty,Garr,83,Male
81,Arney,Fealty,64,Male
55,Merrill,Cowgill,9,Male
8,Ilario,Gierke,40,Male
63,Trip,Clynman,14,Male
38,Devonne,Helks,54,Genderfluid
89,Pooh,Elldred,28,Male
91,Jenny,Alfwy,37,Female
99,Stacy,Scritch,10,Female
55,Adan,Mapis,16,Female
51,Corrina,Frude,28,Female
89,Augustus,Saltsberg,61,Male
29,Ginni,Glassard,16,Female
29,Perceval,Gauntlett,35,Male
70,Brocky,Vaney,83,Male
58,Iolanthe,Camerello,66,Female
64,Carroll,Stendall,21,Male
31,Valerye,Stodhart,20,Female
47,Kerwin,Fishly,86,Male
72,Cooper,Sandilands,5,Male
17,Willey,Reinbach,7,Male
86,Candis,Jeste,66,Female
48,Otto,Haydon,21,Male
52,Loralie,Seeking,9,Female
49,Ardys,Tinsey,52,Genderqueer
41,Julius,Sheahan,90,Male
47,Leelah,Normanville,36,Female
44,Wally,Auden,32,Male
42,Thorsten,Heaford,42,Male
61,Skylar,Farfolomeev,47,Male
50,Ninnetta,Ashness,46,Bigender
81,Hamilton,Claypoole,23,Bigender
24,Bernie,Wilcox,42,Male
37,Marcellus,Rowson,92,Male
72,Jacquetta,Causnett,86,Female
43,Justina,Raynham,4,Female
69,Godfry,Hablet,92,Male
64,Heddi,Mossdale,50,Bigender
34,Marge,Charrette,5,Female
53,Glennie,Swinbourne,100,Female
60,Ivar,Passion,53,Male
14,Saul,Coneley,85,Male
30,Dniren,Pimm,13,Female
40,Jasper,Benton,47,Male
7,Thorsten,Gleeson,38,Male
97,Peyton,Keer,30,Male
31,Jacobo,Bahl,79,Male
11,Sandy,Vasyushkhin,2,Female
68,Reynard,Durak,77,Male
83,Damiano,Scorer,6,Polygender
11,Sally,Hubbucks,71,Female
43,Calvin,Tosdevin,6,Male
20,Vanya,Wildin,81,Female
99,Saxe,Alford,21,Male
11,Lemar,Hanson,76,Male
22,Letta,Fearnall,49,Female
17,Maurizio,Okenden,85,Male
84,Gwynne,Ondrus,39,Female
29,Rozalin,Tabord,72,Female
47,Quinn,Savery,5,Female
69,Howie,Baudacci,36,Male
21,Adrien,Bathowe,76,Male
5,Mickie,Barajaz,53,Female
32,Sayre,Snedden,47,Male
59,Adolf,Line,88,Male
14,Ashlan,Liveley,50,Female
15,Lyn,Meedendorpe,88,Female
8,Sherri,Pynner,26,Non-binary
68,Harman,Muldoon,86,Male
90,Bridie,Cawson,16,Female
23,Keith,Plom,46,Male
1,Galina,Roeby,86,Female
68,Vyky,Whiteley,46,Female
92,Vivienne,Gomby,38,Female
98,Phil,Manntschke,58,Male
85,Roseanna,Bloomer,4,Female
100,Orly,Ambroise,3,Female
29,Augustine,Crawley,18,Male
91,Maximilianus,Buxey,42,Polygender
61,Paul,Dumphries,86,Male
57,Gabriela,Peto,2,Female
65,Nick,McGlynn,84,Male
54,Tresa,Crichten,31,Agender
61,Cherida,Harridge,75,Female
45,Gerome,Lyford,1,Male
14,Cristina,Bottrill,3,Genderqueer
61,Davin,Whyley,98,Male
91,Fredrick,Fettiplace,47,Non-binary
50,Casi,Lacheze,12,Female
70,Olva,Schiefersten,35,Bigender
56,Lauraine,Syrie,51,Female
84,Trudi,Brattan,99,Female
53,Anestassia,Jaskowicz,39,Female
68,Jacinta,Rozenbaum,80,Female
10,Carlie,Carnoghan,62,Female
40,Bridie,Charnley,45,Female
47,Isabella,Reichhardt,13,Female
4,Adlai,Ashwin,64,Male
15,Harley,Holyard,11,Male
50,Gardiner,Rodell,39,Male
89,Errol,Shaw,36,Male
14,Winnah,Warrack,10,Female
14,Cthrine,Feifer,24,Agender
3,Morganica,Ashton,67,Female
43,Kaye,Bourchier,24,Female
4,Arnaldo,Longfut,94,Male
8,Gizela,Brinkworth,65,Female
86,Donetta,Laffoley-Lane,15,Female
90,Marcellina,Kirckman,93,Female
73,Trista,Speed,95,Female
42,Parker,Arundel,67,Agender
63,Beth,Biggadyke,44,Female
88,Gerta,Bytheway,50,Female
14,Allistir,Abisetti,22,Male
40,Lothaire,Sprulls,16,Male
72,Gabie,Hannah,26,Bigender
24,Wendi,Rothery,65,Female
27,Arlin,Ohrt,34,Male
49,Gabriell,Leynagh,27,Female
43,Tuckie,Duckitt,30,Male
71,Randy,Sollon,50,Agender
10,Amber,McCumesky,5,Female
64,Trudy,Merton,61,Female
33,Herc,Besantie,27,Male
84,Ricard,Frye,65,Non-binary
64,Kattie,Eat,31,Female
57,Zachary,Varnham,59,Male
84,Suzanne,Wagerfield,67,Female
54,Filippo,Castanyer,15,Male
33,Dalia,Bolderson,23,Female
8,Merwyn,Akhurst,63,Male
25,Ambros,Alfonsini,84,Male
68,Eugenia,Ottey,7,Female
